Workbook

Sheet Input
A1: Seed | B1: High Seed | C1: Seed | D1: Low Seed | E1: PREDICTION | F1: PROBABILITY | G1: Raw Spread | H1: Spread | I1: IMPLIED BETTING ODDS | J1: SCORE
A2: 1 | B2: Auburn | C2: 1 | D2: Florida | E2: =_xlfn.IFNA(VLOOKUP($B2&$D2, 'NCAAT Simulations'!$C$2:$H$9999, 2,FALSE), "") -> Florida | F2: =_xlfn.IFNA(IF(VLOOKUP($B2&$D2, 'NCAAT Simulations'!$C$2:$H$9999, 3,FALSE)<50,1-VLOOKUP($B2&$D2, 'NCAAT Simulations'!$C$2:$H$9999, 3,FALSE)/100, VLOOKUP($B2&$D2, 'NCAAT Simulations'!$C$2:$H$9999, 3,FALSE)/100), "") -> 0.536 | G2: =_xlfn.IFNA(IF(ROUND(VLOOKUP($B2&$D2, 'NCAAT Simulations'!$C$2:$H$9999, 4,FALSE), 1)>0, _xlfn.CONCAT("+",ROUND(VLOOKUP($B2&$D2, 'NCAAT Simulations'!$C$2:$H$9999, 4,FALSE), 1)), ROUND(VLOOKUP($B2&$D2, 'NCAAT Simulations'!$C$2:$H$9999, 4,FALSE), 1)), "") -> +0.9 | H2: =IF(G2<0,(VLOOKUP($B2&$D2, 'NCAAT Simulations'!$C$2:$I$9999, 6,FALSE)/138.8)*G2, _xlfn.CONCAT("+", ROUND((VLOOKUP($B2&$D2, 'NCAAT Simulations'!$C$2:$I$9999, 6,FALSE)/138.8)*G2, 1))) -> +0.9 | I2: =_xlfn.IFNA(IF(ABS(VLOOKUP($B2&$D2, 'NCAAT Simulations'!$C$2:$H$9999, 5,FALSE))>10000,_xlfn.FLOOR.MATH(VLOOKUP($B2&$D2, 'NCAAT Simulations'!$C$2:$H$9999, 5,FALSE), 1000), IF(ABS(VLOOKUP($B2&$D2, 'NCAAT Simulations'!$C$2:$H$9999, 5,FALSE))>1000,_xlfn.FLOOR.MATH(VLOOKUP($B2&$D2, 'NCAAT Simulations'!$C$2:$H$9999, 5,FALSE), 100), _xlfn.FLOOR.MATH(VLOOKUP($B2&$D2, 'NCAAT Simulations'!$C$2:$H$9999, 5,FALSE), 10))), "") -> 110 | J2: =_xlfn.IFNA(VLOOKUP($B2&$D2, 'NCAAT Simulations'!$C$2:$I$9999, 7,FALSE), "") -> 138.11793
A3: 1 | B3: Duke | C3: 1 | D3: Houston | E3: =_xlfn.IFNA(VLOOKUP($B3&$D3, 'NCAAT Simulations'!$C$2:$H$9999, 2,FALSE), "") -> Houston | F3: =_xlfn.IFNA(IF(VLOOKUP($B3&$D3, 'NCAAT Simulations'!$C$2:$H$9999, 3,FALSE)<50,1-VLOOKUP($B3&$D3, 'NCAAT Simulations'!$C$2:$H$9999, 3,FALSE)/100, VLOOKUP($B3&$D3, 'NCAAT Simulations'!$C$2:$H$9999, 3,FALSE)/100), "") -> 0.709 | G3: =_xlfn.IFNA(IF(ROUND(VLOOKUP($B3&$D3, 'NCAAT Simulations'!$C$2:$H$9999, 4,FALSE), 1)>0, _xlfn.CONCAT("+",ROUND(VLOOKUP($B3&$D3, 'NCAAT Simulations'!$C$2:$H$9999, 4,FALSE), 1)), ROUND(VLOOKUP($B3&$D3, 'NCAAT Simulations'!$C$2:$H$9999, 4,FALSE), 1)), "") -> +5.8 | H3: =IF(G3<0,(VLOOKUP($B3&$D3, 'NCAAT Simulations'!$C$2:$I$9999, 6,FALSE)/138.8)*G3, _xlfn.CONCAT("+", ROUND((VLOOKUP($B3&$D3, 'NCAAT Simulations'!$C$2:$I$9999, 6,FALSE)/138.8)*G3, 1))) -> +5.8 | I3: =_xlfn.IFNA(IF(ABS(VLOOKUP($B3&$D3, 'NCAAT Simulations'!$C$2:$H$9999, 5,FALSE))>10000,_xlfn.FLOOR.MATH(VLOOKUP($B3&$D3, 'NCAAT Simulations'!$C$2:$H$9999, 5,FALSE), 1000), IF(ABS(VLOOKUP($B3&$D3, 'NCAAT Simulations'!$C$2:$H$9999, 5,FALSE))>1000,_xlfn.FLOOR.MATH(VLOOKUP($B3&$D3, 'NCAAT Simulations'!$C$2:$H$9999, 5,FALSE), 100), _xlfn.FLOOR.MATH(VLOOKUP($B3&$D3, 'NCAAT Simulations'!$C$2:$H$9999, 5,FALSE), 10))), "") -> 240 | J3: =_xlfn.IFNA(VLOOKUP($B3&$D3, 'NCAAT Simulations'!$C$2:$I$9999, 7,FALSE), "") -> 136.75477
A4: 1 | B4: Houston | C4: 1 | D4: Florida | E4: =_xlfn.IFNA(VLOOKUP($B4&$D4, 'NCAAT Simulations'!$C$2:$H$9999, 2,FALSE), "") -> Houston | F4: =_xlfn.IFNA(IF(VLOOKUP($B4&$D4, 'NCAAT Simulations'!$C$2:$H$9999, 3,FALSE)<50,1-VLOOKUP($B4&$D4, 'NCAAT Simulations'!$C$2:$H$9999, 3,FALSE)/100, VLOOKUP($B4&$D4, 'NCAAT Simulations'!$C$2:$H$9999, 3,FALSE)/100), "") -> 0.685 | G4: =_xlfn.IFNA(IF(ROUND(VLOOKUP($B4&$D4, 'NCAAT Simulations'!$C$2:$H$9999, 4,FALSE), 1)>0, _xlfn.CONCAT("+",ROUND(VLOOKUP($B4&$D4, 'NCAAT Simulations'!$C$2:$H$9999, 4,FALSE), 1)), ROUND(VLOOKUP($B4&$D4, 'NCAAT Simulations'!$C$2:$H$9999, 4,FALSE), 1)), "") -> -5.1 | H4: =IF(G4<0,(VLOOKUP($B4&$D4, 'NCAAT Simulations'!$C$2:$I$9999, 6,FALSE)/138.8)*G4, _xlfn.CONCAT("+", ROUND((VLOOKUP($B4&$D4, 'NCAAT Simulations'!$C$2:$I$9999, 6,FALSE)/138.8)*G4, 1))) -> -5.1146101 | I4: =_xlfn.IFNA(IF(ABS(VLOOKUP($B4&$D4, 'NCAAT Simulations'!$C$2:$H$9999, 5,FALSE))>10000,_xlfn.FLOOR.MATH(VLOOKUP($B4&$D4, 'NCAAT Simulations'!$C$2:$H$9999, 5,FALSE), 1000), IF(ABS(VLOOKUP($B4&$D4, 'NCAAT Simulations'!$C$2:$H$9999, 5,FALSE))>1000,_xlfn.FLOOR.MATH(VLOOKUP($B4&$D4, 'NCAAT Simulations'!$C$2:$H$9999, 5,FALSE), 100), _xlfn.FLOOR.MATH(VLOOKUP($B4&$D4, 'NCAAT Simulations'!$C$2:$H$9999, 5,FALSE), 10))), "") -> -220 | J4: =_xlfn.IFNA(VLOOKUP($B4&$D4, 'NCAAT Simulations'!$C$2:$I$9999, 7,FALSE), "") -> 144.69048
E5: =_xlfn.IFNA(VLOOKUP($B5&$D5, 'NCAAT Simulations'!$C$2:$H$9999, 2,FALSE), "") | F5: =_xlfn.IFNA(IF(VLOOKUP($B5&$D5, 'NCAAT Simulations'!$C$2:$H$9999, 3,FALSE)<50,1-VLOOKUP($B5&$D5, 'NCAAT Simulations'!$C$2:$H$9999, 3,FALSE)/100, VLOOKUP($B5&$D5, 'NCAAT Simulations'!$C$2:$H$9999, 3,FALSE)/100), "") | G5: =_xlfn.IFNA(IF(ROUND(VLOOKUP($B5&$D5, 'NCAAT Simulations'!$C$2:$H$9999, 4,FALSE), 1)>0, _xlfn.CONCAT("+",ROUND(VLOOKUP($B5&$D5, 'NCAAT Simulations'!$C$2:$H$9999, 4,FALSE), 1)), ROUND(VLOOKUP($B5&$D5, 'NCAAT Simulations'!$C$2:$H$9999, 4,FALSE), 1)), "") | H5: =IF(G5<0,(VLOOKUP($B5&$D5, 'NCAAT Simulations'!$C$2:$I$9999, 6,FALSE)/138.8)*G5, _xlfn.CONCAT("+", ROUND((VLOOKUP($B5&$D5, 'NCAAT Simulations'!$C$2:$I$9999, 6,FALSE)/138.8)*G5, 1))) -> #N/A | I5: =_xlfn.IFNA(IF(ABS(VLOOKUP($B5&$D5, 'NCAAT Simulations'!$C$2:$H$9999, 5,FALSE))>10000,_xlfn.FLOOR.MATH(VLOOKUP($B5&$D5, 'NCAAT Simulations'!$C$2:$H$9999, 5,FALSE), 1000), IF(ABS(VLOOKUP($B5&$D5, 'NCAAT Simulations'!$C$2:$H$9999, 5,FALSE))>1000,_xlfn.FLOOR.MATH(VLOOKUP($B5&$D5, 'NCAAT Simulations'!$C$2:$H$9999, 5,FALSE), 100), _xlfn.FLOOR.MATH(VLOOKUP($B5&$D5, 'NCAAT Simulations'!$C$2:$H$9999, 5,FALSE), 10))), "") | J5: =_xlfn.IFNA(VLOOKUP($B5&$D5, 'NCAAT Simulations'!$C$2:$I$9999, 7,FALSE), "")
E6: =_xlfn.IFNA(VLOOKUP($B6&$D6, 'NCAAT Simulations'!$C$2:$H$9999, 2,FALSE), "") | F6: =_xlfn.IFNA(IF(VLOOKUP($B6&$D6, 'NCAAT Simulations'!$C$2:$H$9999, 3,FALSE)<50,1-VLOOKUP($B6&$D6, 'NCAAT Simulations'!$C$2:$H$9999, 3,FALSE)/100, VLOOKUP($B6&$D6, 'NCAAT Simulations'!$C$2:$H$9999, 3,FALSE)/100), "") | G6: =_xlfn.IFNA(IF(ROUND(VLOOKUP($B6&$D6, 'NCAAT Simulations'!$C$2:$H$9999, 4,FALSE), 1)>0, _xlfn.CONCAT("+",ROUND(VLOOKUP($B6&$D6, 'NCAAT Simulations'!$C$2:$H$9999, 4,FALSE), 1)), ROUND(VLOOKUP($B6&$D6, 'NCAAT Simulations'!$C$2:$H$9999, 4,FALSE), 1)), "") | H6: =IF(G6<0,(VLOOKUP($B6&$D6, 'NCAAT Simulations'!$C$2:$I$9999, 6,FALSE)/138.8)*G6, _xlfn.CONCAT("+", ROUND((VLOOKUP($B6&$D6, 'NCAAT Simulations'!$C$2:$I$9999, 6,FALSE)/138.8)*G6, 1))) -> #N/A | I6: =_xlfn.IFNA(IF(ABS(VLOOKUP($B6&$D6, 'NCAAT Simulations'!$C$2:$H$9999, 5,FALSE))>10000,_xlfn.FLOOR.MATH(VLOOKUP($B6&$D6, 'NCAAT Simulations'!$C$2:$H$9999, 5,FALSE), 1000), IF(ABS(VLOOKUP($B6&$D6, 'NCAAT Simulations'!$C$2:$H$9999, 5,FALSE))>1000,_xlfn.FLOOR.MATH(VLOOKUP($B6&$D6, 'NCAAT Simulations'!$C$2:$H$9999, 5,FALSE), 100), _xlfn.FLOOR.MATH(VLOOKUP($B6&$D6, 'NCAAT Simulations'!$C$2:$H$9999, 5,FALSE), 10))), "") | J6: =_xlfn.IFNA(VLOOKUP($B6&$D6, 'NCAAT Simulations'!$C$2:$I$9999, 7,FALSE), "")
E7: =_xlfn.IFNA(VLOOKUP($B7&$D7, 'NCAAT Simulations'!$C$2:$H$9999, 2,FALSE), "") | F7: =_xlfn.IFNA(IF(VLOOKUP($B7&$D7, 'NCAAT Simulations'!$C$2:$H$9999, 3,FALSE)<50,1-VLOOKUP($B7&$D7, 'NCAAT Simulations'!$C$2:$H$9999, 3,FALSE)/100, VLOOKUP($B7&$D7, 'NCAAT Simulations'!$C$2:$H$9999, 3,FALSE)/100), "") | G7: =_xlfn.IFNA(IF(ROUND(VLOOKUP($B7&$D7, 'NCAAT Simulations'!$C$2:$H$9999, 4,FALSE), 1)>0, _xlfn.CONCAT("+",ROUND(VLOOKUP($B7&$D7, 'NCAAT Simulations'!$C$2:$H$9999, 4,FALSE), 1)), ROUND(VLOOKUP($B7&$D7, 'NCAAT Simulations'!$C$2:$H$9999, 4,FALSE), 1)), "") | H7: =IF(G7<0,(VLOOKUP($B7&$D7, 'NCAAT Simulations'!$C$2:$I$9999, 6,FALSE)/138.8)*G7, _xlfn.CONCAT("+", ROUND((VLOOKUP($B7&$D7, 'NCAAT Simulations'!$C$2:$I$9999, 6,FALSE)/138.8)*G7, 1))) -> #N/A | I7: =_xlfn.IFNA(IF(ABS(VLOOKUP($B7&$D7, 'NCAAT Simulations'!$C$2:$H$9999, 5,FALSE))>10000,_xlfn.FLOOR.MATH(VLOOKUP($B7&$D7, 'NCAAT Simulations'!$C$2:$H$9999, 5,FALSE), 1000), IF(ABS(VLOOKUP($B7&$D7, 'NCAAT Simulations'!$C$2:$H$9999, 5,FALSE))>1000,_xlfn.FLOOR.MATH(VLOOKUP($B7&$D7, 'NCAAT Simulations'!$C$2:$H$9999, 5,FALSE), 100), _xlfn.FLOOR.MATH(VLOOKUP($B7&$D7, 'NCAAT Simulations'!$C$2:$H$9999, 5,FALSE), 10))), "") | J7: =_xlfn.IFNA(VLOOKUP($B7&$D7, 'NCAAT Simulations'!$C$2:$I$9999, 7,FALSE), "")
E8: =_xlfn.IFNA(VLOOKUP($B8&$D8, 'NCAAT Simulations'!$C$2:$H$9999, 2,FALSE), "") | F8: =_xlfn.IFNA(IF(VLOOKUP($B8&$D8, 'NCAAT Simulations'!$C$2:$H$9999, 3,FALSE)<50,1-VLOOKUP($B8&$D8, 'NCAAT Simulations'!$C$2:$H$9999, 3,FALSE)/100, VLOOKUP($B8&$D8, 'NCAAT Simulations'!$C$2:$H$9999, 3,FALSE)/100), "") | G8: =_xlfn.IFNA(IF(ROUND(VLOOKUP($B8&$D8, 'NCAAT Simulations'!$C$2:$H$9999, 4,FALSE), 1)>0, _xlfn.CONCAT("+",ROUND(VLOOKUP($B8&$D8, 'NCAAT Simulations'!$C$2:$H$9999, 4,FALSE), 1)), ROUND(VLOOKUP($B8&$D8, 'NCAAT Simulations'!$C$2:$H$9999, 4,FALSE), 1)), "") | H8: =IF(G8<0,(VLOOKUP($B8&$D8, 'NCAAT Simulations'!$C$2:$I$9999, 6,FALSE)/138.8)*G8, _xlfn.CONCAT("+", ROUND((VLOOKUP($B8&$D8, 'NCAAT Simulations'!$C$2:$I$9999, 6,FALSE)/138.8)*G8, 1))) -> #N/A | I8: =_xlfn.IFNA(IF(ABS(VLOOKUP($B8&$D8, 'NCAAT Simulations'!$C$2:$H$9999, 5,FALSE))>10000,_xlfn.FLOOR.MATH(VLOOKUP($B8&$D8, 'NCAAT Simulations'!$C$2:$H$9999, 5,FALSE), 1000), IF(ABS(VLOOKUP($B8&$D8, 'NCAAT Simulations'!$C$2:$H$9999, 5,FALSE))>1000,_xlfn.FLOOR.MATH(VLOOKUP($B8&$D8, 'NCAAT Simulations'!$C$2:$H$9999, 5,FALSE), 100), _xlfn.FLOOR.MATH(VLOOKUP($B8&$D8, 'NCAAT Simulations'!$C$2:$H$9999, 5,FALSE), 10))), "") | J8: =_xlfn.IFNA(VLOOKUP($B8&$D8, 'NCAAT Simulations'!$C$2:$I$9999, 7,FALSE), "")
E9: =_xlfn.IFNA(VLOOKUP($B9&$D9, 'NCAAT Simulations'!$C$2:$H$9999, 2,FALSE), "") | F9: =_xlfn.IFNA(IF(VLOOKUP($B9&$D9, 'NCAAT Simulations'!$C$2:$H$9999, 3,FALSE)<50,1-VLOOKUP($B9&$D9, 'NCAAT Simulations'!$C$2:$H$9999, 3,FALSE)/100, VLOOKUP($B9&$D9, 'NCAAT Simulations'!$C$2:$H$9999, 3,FALSE)/100), "") | G9: =_xlfn.IFNA(IF(ROUND(VLOOKUP($B9&$D9, 'NCAAT Simulations'!$C$2:$H$9999, 4,FALSE), 1)>0, _xlfn.CONCAT("+",ROUND(VLOOKUP($B9&$D9, 'NCAAT Simulations'!$C$2:$H$9999, 4,FALSE), 1)), ROUND(VLOOKUP($B9&$D9, 'NCAAT Simulations'!$C$2:$H$9999, 4,FALSE), 1)), "") | H9: =IF(G9<0,(VLOOKUP($B9&$D9, 'NCAAT Simulations'!$C$2:$I$9999, 6,FALSE)/138.8)*G9, _xlfn.CONCAT("+", ROUND((VLOOKUP($B9&$D9, 'NCAAT Simulations'!$C$2:$I$9999, 6,FALSE)/138.8)*G9, 1))) -> #N/A | I9: =_xlfn.IFNA(IF(ABS(VLOOKUP($B9&$D9, 'NCAAT Simulations'!$C$2:$H$9999, 5,FALSE))>10000,_xlfn.FLOOR.MATH(VLOOKUP($B9&$D9, 'NCAAT Simulations'!$C$2:$H$9999, 5,FALSE), 1000), IF(ABS(VLOOKUP($B9&$D9, 'NCAAT Simulations'!$C$2:$H$9999, 5,FALSE))>1000,_xlfn.FLOOR.MATH(VLOOKUP($B9&$D9, 'NCAAT Simulations'!$C$2:$H$9999, 5,FALSE), 100), _xlfn.FLOOR.MATH(VLOOKUP($B9&$D9, 'NCAAT Simulations'!$C$2:$H$9999, 5,FALSE), 10))), "") | J9: =_xlfn.IFNA(VLOOKUP($B9&$D9, 'NCAAT Simulations'!$C$2:$I$9999, 7,FALSE), "")
E10: =_xlfn.IFNA(VLOOKUP($B10&$D10, 'NCAAT Simulations'!$C$2:$H$9999, 2,FALSE), "") | F10: =_xlfn.IFNA(IF(VLOOKUP($B10&$D10, 'NCAAT Simulations'!$C$2:$H$9999, 3,FALSE)<50,1-VLOOKUP($B10&$D10, 'NCAAT Simulations'!$C$2:$H$9999, 3,FALSE)/100, VLOOKUP($B10&$D10, 'NCAAT Simulations'!$C$2:$H$9999, 3,FALSE)/100), "") | G10: =_xlfn.IFNA(IF(ROUND(VLOOKUP($B10&$D10, 'NCAAT Simulations'!$C$2:$H$9999, 4,FALSE), 1)>0, _xlfn.CONCAT("+",ROUND(VLOOKUP($B10&$D10, 'NCAAT Simulations'!$C$2:$H$9999, 4,FALSE), 1)), ROUND(VLOOKUP($B10&$D10, 'NCAAT Simulations'!$C$2:$H$9999, 4,FALSE), 1)), "") | H10: =IF(G10<0,(VLOOKUP($B10&$D10, 'NCAAT Simulations'!$C$2:$I$9999, 6,FALSE)/138.8)*G10, _xlfn.CONCAT("+", ROUND((VLOOKUP($B10&$D10, 'NCAAT Simulations'!$C$2:$I$9999, 6,FALSE)/138.8)*G10, 1))) -> #N/A | I10: =_xlfn.IFNA(IF(ABS(VLOOKUP($B10&$D10, 'NCAAT Simulations'!$C$2:$H$9999, 5,FALSE))>10000,_xlfn.FLOOR.MATH(VLOOKUP($B10&$D10, 'NCAAT Simulations'!$C$2:$H$9999, 5,FALSE), 1000), IF(ABS(VLOOKUP($B10&$D10, 'NCAAT Simulations'!$C$2:$H$9999, 5,FALSE))>1000,_xlfn.FLOOR.MATH(VLOOKUP($B10&$D10, 'NCAAT Simulations'!$C$2:$H$9999, 5,FALSE), 100), _xlfn.FLOOR.MATH(VLOOKUP($B10&$D10, 'NCAAT Simulations'!$C$2:$H$9999, 5,FALSE), 10))), "") | J10: =_xlfn.IFNA(VLOOKUP($B10&$D10, 'NCAAT Simulations'!$C$2:$I$9999, 7,FALSE), "")
E11: =_xlfn.IFNA(VLOOKUP($B11&$D11, 'NCAAT Simulations'!$C$2:$H$9999, 2,FALSE), "") | F11: =_xlfn.IFNA(IF(VLOOKUP($B11&$D11, 'NCAAT Simulations'!$C$2:$H$9999, 3,FALSE)<50,1-VLOOKUP($B11&$D11, 'NCAAT Simulations'!$C$2:$H$9999, 3,FALSE)/100, VLOOKUP($B11&$D11, 'NCAAT Simulations'!$C$2:$H$9999, 3,FALSE)/100), "") | G11: =_xlfn.IFNA(IF(ROUND(VLOOKUP($B11&$D11, 'NCAAT Simulations'!$C$2:$H$9999, 4,FALSE), 1)>0, _xlfn.CONCAT("+",ROUND(VLOOKUP($B11&$D11, 'NCAAT Simulations'!$C$2:$H$9999, 4,FALSE), 1)), ROUND(VLOOKUP($B11&$D11, 'NCAAT Simulations'!$C$2:$H$9999, 4,FALSE), 1)), "") | H11: =IF(G11<0,(VLOOKUP($B11&$D11, 'NCAAT Simulations'!$C$2:$I$9999, 6,FALSE)/138.8)*G11, _xlfn.CONCAT("+", ROUND((VLOOKUP($B11&$D11, 'NCAAT Simulations'!$C$2:$I$9999, 6,FALSE)/138.8)*G11, 1))) -> #N/A | I11: =_xlfn.IFNA(IF(ABS(VLOOKUP($B11&$D11, 'NCAAT Simulations'!$C$2:$H$9999, 5,FALSE))>10000,_xlfn.FLOOR.MATH(VLOOKUP($B11&$D11, 'NCAAT Simulations'!$C$2:$H$9999, 5,FALSE), 1000), IF(ABS(VLOOKUP($B11&$D11, 'NCAAT Simulations'!$C$2:$H$9999, 5,FALSE))>1000,_xlfn.FLOOR.MATH(VLOOKUP($B11&$D11, 'NCAAT Simulations'!$C$2:$H$9999, 5,FALSE), 100), _xlfn.FLOOR.MATH(VLOOKUP($B11&$D11, 'NCAAT Simulations'!$C$2:$H$9999, 5,FALSE), 10))), "") | J11: =_xlfn.IFNA(VLOOKUP($B11&$D11, 'NCAAT Simulations'!$C$2:$I$9999, 7,FALSE), "")
E12: =_xlfn.IFNA(VLOOKUP($B12&$D12, 'NCAAT Simulations'!$C$2:$H$9999, 2,FALSE), "") | F12: =_xlfn.IFNA(IF(VLOOKUP($B12&$D12, 'NCAAT Simulations'!$C$2:$H$9999, 3,FALSE)<50,1-VLOOKUP($B12&$D12, 'NCAAT Simulations'!$C$2:$H$9999, 3,FALSE)/100, VLOOKUP($B12&$D12, 'NCAAT Simulations'!$C$2:$H$9999, 3,FALSE)/100), "") | G12: =_xlfn.IFNA(IF(ROUND(VLOOKUP($B12&$D12, 'NCAAT Simulations'!$C$2:$H$9999, 4,FALSE), 1)>0, _xlfn.CONCAT("+",ROUND(VLOOKUP($B12&$D12, 'NCAAT Simulations'!$C$2:$H$9999, 4,FALSE), 1)), ROUND(VLOOKUP($B12&$D12, 'NCAAT Simulations'!$C$2:$H$9999, 4,FALSE), 1)), "") | H12: =IF(G12<0,(VLOOKUP($B12&$D12, 'NCAAT Simulations'!$C$2:$I$9999, 6,FALSE)/138.8)*G12, _xlfn.CONCAT("+", ROUND((VLOOKUP($B12&$D12, 'NCAAT Simulations'!$C$2:$I$9999, 6,FALSE)/138.8)*G12, 1))) -> #N/A | I12: =_xlfn.IFNA(IF(ABS(VLOOKUP($B12&$D12, 'NCAAT Simulations'!$C$2:$H$9999, 5,FALSE))>10000,_xlfn.FLOOR.MATH(VLOOKUP($B12&$D12, 'NCAAT Simulations'!$C$2:$H$9999, 5,FALSE), 1000), IF(ABS(VLOOKUP($B12&$D12, 'NCAAT Simulations'!$C$2:$H$9999, 5,FALSE))>1000,_xlfn.FLOOR.MATH(VLOOKUP($B12&$D12, 'NCAAT Simulations'!$C$2:$H$9999, 5,FALSE), 100), _xlfn.FLOOR.MATH(VLOOKUP($B12&$D12, 'NCAAT Simulations'!$C$2:$H$9999, 5,FALSE), 10))), "") | J12: =_xlfn.IFNA(VLOOKUP($B12&$D12, 'NCAAT Simulations'!$C$2:$I$9999, 7,FALSE), "")
E13: =_xlfn.IFNA(VLOOKUP($B13&$D13, 'NCAAT Simulations'!$C$2:$H$9999, 2,FALSE), "") | F13: =_xlfn.IFNA(IF(VLOOKUP($B13&$D13, 'NCAAT Simulations'!$C$2:$H$9999, 3,FALSE)<50,1-VLOOKUP($B13&$D13, 'NCAAT Simulations'!$C$2:$H$9999, 3,FALSE)/100, VLOOKUP($B13&$D13, 'NCAAT Simulations'!$C$2:$H$9999, 3,FALSE)/100), "") | G13: =_xlfn.IFNA(IF(ROUND(VLOOKUP($B13&$D13, 'NCAAT Simulations'!$C$2:$H$9999, 4,FALSE), 1)>0, _xlfn.CONCAT("+",ROUND(VLOOKUP($B13&$D13, 'NCAAT Simulations'!$C$2:$H$9999, 4,FALSE), 1)), ROUND(VLOOKUP($B13&$D13, 'NCAAT Simulations'!$C$2:$H$9999, 4,FALSE), 1)), "") | H13: =IF(G13<0,(VLOOKUP($B13&$D13, 'NCAAT Simulations'!$C$2:$I$9999, 6,FALSE)/138.8)*G13, _xlfn.CONCAT("+", ROUND((VLOOKUP($B13&$D13, 'NCAAT Simulations'!$C$2:$I$9999, 6,FALSE)/138.8)*G13, 1))) -> #N/A | I13: =_xlfn.IFNA(IF(ABS(VLOOKUP($B13&$D13, 'NCAAT Simulations'!$C$2:$H$9999, 5,FALSE))>10000,_xlfn.FLOOR.MATH(VLOOKUP($B13&$D13, 'NCAAT Simulations'!$C$2:$H$9999, 5,FALSE), 1000), IF(ABS(VLOOKUP($B13&$D13, 'NCAAT Simulations'!$C$2:$H$9999, 5,FALSE))>1000,_xlfn.FLOOR.MATH(VLOOKUP($B13&$D13, 'NCAAT Simulations'!$C$2:$H$9999, 5,FALSE), 100), _xlfn.FLOOR.MATH(VLOOKUP($B13&$D13, 'NCAAT Simulations'!$C$2:$H$9999, 5,FALSE), 10))), "") | J13: =_xlfn.IFNA(VLOOKUP($B13&$D13, 'NCAAT Simulations'!$C$2:$I$9999, 7,FALSE), "")
E14: =_xlfn.IFNA(VLOOKUP($B14&$D14, 'NCAAT Simulations'!$C$2:$H$9999, 2,FALSE), "") | F14: =_xlfn.IFNA(IF(VLOOKUP($B14&$D14, 'NCAAT Simulations'!$C$2:$H$9999, 3,FALSE)<50,1-VLOOKUP($B14&$D14, 'NCAAT Simulations'!$C$2:$H$9999, 3,FALSE)/100, VLOOKUP($B14&$D14, 'NCAAT Simulations'!$C$2:$H$9999, 3,FALSE)/100), "") | G14: =_xlfn.IFNA(IF(ROUND(VLOOKUP($B14&$D14, 'NCAAT Simulations'!$C$2:$H$9999, 4,FALSE), 1)>0, _xlfn.CONCAT("+",ROUND(VLOOKUP($B14&$D14, 'NCAAT Simulations'!$C$2:$H$9999, 4,FALSE), 1)), ROUND(VLOOKUP($B14&$D14, 'NCAAT Simulations'!$C$2:$H$9999, 4,FALSE), 1)), "") | H14: =IF(G14<0,(VLOOKUP($B14&$D14, 'NCAAT Simulations'!$C$2:$I$9999, 6,FALSE)/138.8)*G14, _xlfn.CONCAT("+", ROUND((VLOOKUP($B14&$D14, 'NCAAT Simulations'!$C$2:$I$9999, 6,FALSE)/138.8)*G14, 1))) -> #N/A | I14: =_xlfn.IFNA(IF(ABS(VLOOKUP($B14&$D14, 'NCAAT Simulations'!$C$2:$H$9999, 5,FALSE))>10000,_xlfn.FLOOR.MATH(VLOOKUP($B14&$D14, 'NCAAT Simulations'!$C$2:$H$9999, 5,FALSE), 1000), IF(ABS(VLOOKUP($B14&$D14, 'NCAAT Simulations'!$C$2:$H$9999, 5,FALSE))>1000,_xlfn.FLOOR.MATH(VLOOKUP($B14&$D14, 'NCAAT Simulations'!$C$2:$H$9999, 5,FALSE), 100), _xlfn.FLOOR.MATH(VLOOKUP($B14&$D14, 'NCAAT Simulations'!$C$2:$H$9999, 5,FALSE), 10))), "") | J14: =_xlfn.IFNA(VLOOKUP($B14&$D14, 'NCAAT Simulations'!$C$2:$I$9999, 7,FALSE), "")
E15: =_xlfn.IFNA(VLOOKUP($B15&$D15, 'NCAAT Simulations'!$C$2:$H$9999, 2,FALSE), "") | F15: =_xlfn.IFNA(IF(VLOOKUP($B15&$D15, 'NCAAT Simulations'!$C$2:$H$9999, 3,FALSE)<50,1-VLOOKUP($B15&$D15, 'NCAAT Simulations'!$C$2:$H$9999, 3,FALSE)/100, VLOOKUP($B15&$D15, 'NCAAT Simulations'!$C$2:$H$9999, 3,FALSE)/100), "") | G15: =_xlfn.IFNA(IF(ROUND(VLOOKUP($B15&$D15, 'NCAAT Simulations'!$C$2:$H$9999, 4,FALSE), 1)>0, _xlfn.CONCAT("+",ROUND(VLOOKUP($B15&$D15, 'NCAAT Simulations'!$C$2:$H$9999, 4,FALSE), 1)), ROUND(VLOOKUP($B15&$D15, 'NCAAT Simulations'!$C$2:$H$9999, 4,FALSE), 1)), "") | H15: =IF(G15<0,(VLOOKUP($B15&$D15, 'NCAAT Simulations'!$C$2:$I$9999, 6,FALSE)/138.8)*G15, _xlfn.CONCAT("+", ROUND((VLOOKUP($B15&$D15, 'NCAAT Simulations'!$C$2:$I$9999, 6,FALSE)/138.8)*G15, 1))) -> #N/A | I15: =_xlfn.IFNA(IF(ABS(VLOOKUP($B15&$D15, 'NCAAT Simulations'!$C$2:$H$9999, 5,FALSE))>10000,_xlfn.FLOOR.MATH(VLOOKUP($B15&$D15, 'NCAAT Simulations'!$C$2:$H$9999, 5,FALSE), 1000), IF(ABS(VLOOKUP($B15&$D15, 'NCAAT Simulations'!$C$2:$H$9999, 5,FALSE))>1000,_xlfn.FLOOR.MATH(VLOOKUP($B15&$D15, 'NCAAT Simulations'!$C$2:$H$9999, 5,FALSE), 100), _xlfn.FLOOR.MATH(VLOOKUP($B15&$D15, 'NCAAT Simulations'!$C$2:$H$9999, 5,FALSE), 10))), "") | J15: =_xlfn.IFNA(VLOOKUP($B15&$D15, 'NCAAT Simulations'!$C$2:$I$9999, 7,FALSE), "")
E16: =_xlfn.IFNA(VLOOKUP($B16&$D16, 'NCAAT Simulations'!$C$2:$H$9999, 2,FALSE), "") | F16: =_xlfn.IFNA(IF(VLOOKUP($B16&$D16, 'NCAAT Simulations'!$C$2:$H$9999, 3,FALSE)<50,1-VLOOKUP($B16&$D16, 'NCAAT Simulations'!$C$2:$H$9999, 3,FALSE)/100, VLOOKUP($B16&$D16, 'NCAAT Simulations'!$C$2:$H$9999, 3,FALSE)/100), "") | G16: =_xlfn.IFNA(IF(ROUND(VLOOKUP($B16&$D16, 'NCAAT Simulations'!$C$2:$H$9999, 4,FALSE), 1)>0, _xlfn.CONCAT("+",ROUND(VLOOKUP($B16&$D16, 'NCAAT Simulations'!$C$2:$H$9999, 4,FALSE), 1)), ROUND(VLOOKUP($B16&$D16, 'NCAAT Simulations'!$C$2:$H$9999, 4,FALSE), 1)), "") | H16: =IF(G16<0,(VLOOKUP($B16&$D16, 'NCAAT Simulations'!$C$2:$I$9999, 6,FALSE)/138.8)*G16, _xlfn.CONCAT("+", ROUND((VLOOKUP($B16&$D16, 'NCAAT Simulations'!$C$2:$I$9999, 6,FALSE)/138.8)*G16, 1))) -> #N/A | I16: =_xlfn.IFNA(IF(ABS(VLOOKUP($B16&$D16, 'NCAAT Simulations'!$C$2:$H$9999, 5,FALSE))>10000,_xlfn.FLOOR.MATH(VLOOKUP($B16&$D16, 'NCAAT Simulations'!$C$2:$H$9999, 5,FALSE), 1000), IF(ABS(VLOOKUP($B16&$D16, 'NCAAT Simulations'!$C$2:$H$9999, 5,FALSE))>1000,_xlfn.FLOOR.MATH(VLOOKUP($B16&$D16, 'NCAAT Simulations'!$C$2:$H$9999, 5,FALSE), 100), _xlfn.FLOOR.MATH(VLOOKUP($B16&$D16, 'NCAAT Simulations'!$C$2:$H$9999, 5,FALSE), 10))), "") | J16: =_xlfn.IFNA(VLOOKUP($B16&$D16, 'NCAAT Simulations'!$C$2:$I$9999, 7,FALSE), "")
... E73: =_xlfn.IFNA(VLOOKUP($B73&$D73, 'NCAAT Simulations'!$C$2:$H$9999, 2,FALSE), "") | F73: =_xlfn.IFNA(IF(VLOOKUP($B73&$D73, 'NCAAT Simulations'!$C$2:$H$9999, 3,FALSE)<50,1-VLOOKUP($B73&$D73, 'NCAAT Simulations'!$C$2:$H$9999, 3,FALSE)/100, VLOOKUP($B73&$D73, 'NCAAT Simulations'!$C$2:$H$9999, 3,FALSE)/100), "") | G73: =_xlfn.IFNA(IF(ROUND(VLOOKUP($B73&$D73, 'NCAAT Simulations'!$C$2:$H$9999, 4,FALSE), 1)>0, _xlfn.CONCAT("+",ROUND(VLOOKUP($B73&$D73, 'NCAAT Simulations'!$C$2:$H$9999, 4,FALSE), 1)), ROUND(VLOOKUP($B73&$D73, 'NCAAT Simulations'!$C$2:$H$9999, 4,FALSE), 1)), "") | H73: =IF(G73<0,(VLOOKUP($B73&$D73, 'NCAAT Simulations'!$C$2:$I$9999, 6,FALSE)/138.8)*G73, _xlfn.CONCAT("+", ROUND((VLOOKUP($B73&$D73, 'NCAAT Simulations'!$C$2:$I$9999, 6,FALSE)/138.8)*G73, 1))) -> #N/A | I73: =_xlfn.IFNA(IF(ABS(VLOOKUP($B73&$D73, 'NCAAT Simulations'!$C$2:$H$9999, 5,FALSE))>10000,_xlfn.FLOOR.MATH(VLOOKUP($B73&$D73, 'NCAAT Simulations'!$C$2:$H$9999, 5,FALSE), 1000), IF(ABS(VLOOKUP($B73&$D73, 'NCAAT Simulations'!$C$2:$H$9999, 5,FALSE))>1000,_xlfn.FLOOR.MATH(VLOOKUP($B73&$D73, 'NCAAT Simulations'!$C$2:$H$9999, 5,FALSE), 100), _xlfn.FLOOR.MATH(VLOOKUP($B73&$D73, 'NCAAT Simulations'!$C$2:$H$9999, 5,FALSE), 10))), "") | J73: =_xlfn.IFNA(VLOOKUP($B73&$D73, 'NCAAT Simulations'!$C$2:$I$9999, 7,FALSE), "")
E74: =_xlfn.IFNA(VLOOKUP($B74&$D74, 'NCAAT Simulations'!$C$2:$H$9999, 2,FALSE), "")
E75: =_xlfn.IFNA(VLOOKUP($B75&$D75, 'NCAAT Simulations'!$C$2:$H$9999, 2,FALSE), "")
E76: =_xlfn.IFNA(VLOOKUP($B76&$D76, 'NCAAT Simulations'!$C$2:$H$9999, 2,FALSE), "")
E77: =_xlfn.IFNA(VLOOKUP($B77&$D77, 'NCAAT Simulations'!$C$2:$H$9999, 2,FALSE), "")

Sheet NCAAT Simulations
A1: FAVORITE | B1: UNDERDOG | C1: Matchup | D1: PREDICTION | E1: PREDICTION.PROB | F1: POINT.SPREAD | G1: BETTING.ODDS | H1: TOTAL.SCORE | I1: ADJUSTED.TOTAL
A2: Akron | B2: Akron | C2: =A2&B2 -> AkronAkron | D2: Akron | E2: 41.2 | F2: 2.3283019 | G2: 142.64274 | H2: 138.77772 | I2: =18*(H2-AVERAGE($H$2:$H$4625))/_xlfn.STDEV.P($H$2:$H$4625)+AVERAGE($H$2:$H$4625) -> 138.77772
A3: Alabama | B3: Akron | C3: =A3&B3 -> AlabamaAkron | D3: Alabama | E3: 98.1 | F3: -25.845283 | G3: -5155.5383 | H3: 140.52581 | I3: =18*(H3-AVERAGE($H$2:$H$4625))/_xlfn.STDEV.P($H$2:$H$4625)+AVERAGE($H$2:$H$4625) -> 163.3928
A4: Alabama St. | B4: Akron | C4: =A4&B4 -> Alabama St.Akron | D4: Akron | E4: 9.9 | F4: 14.467925 | G4: 908.89431 | H4: 139.00456 | I4: =18*(H4-AVERAGE($H$2:$H$4625))/_xlfn.STDEV.P($H$2:$H$4625)+AVERAGE($H$2:$H$4625) -> 141.97188
A5: American | B5: Akron | C5: =A5&B5 -> AmericanAkron | D5: Akron | E5: 11.8 | F5: 13.203774 | G5: 749.57616 | H5: 139.09564 | I5: =18*(H5-AVERAGE($H$2:$H$4625))/_xlfn.STDEV.P($H$2:$H$4625)+AVERAGE($H$2:$H$4625) -> 143.25447
A6: Arizona | B6: Akron | C6: =A6&B6 -> ArizonaAkron | D6: Arizona | E6: 97.3 | F6: -23.603774 | G6: -3662.9906 | H6: 140.28817 | I6: =18*(H6-AVERAGE($H$2:$H$4625))/_xlfn.STDEV.P($H$2:$H$4625)+AVERAGE($H$2:$H$4625) -> 160.04656
A7: Arkansas | B7: Akron | C7: =A7&B7 -> ArkansasAkron | D7: Arkansas | E7: 68.9 | F7: -5.2113208 | G7: -221.48671 | H7: 138.40577 | I7: =18*(H7-AVERAGE($H$2:$H$4625))/_xlfn.STDEV.P($H$2:$H$4625)+AVERAGE($H$2:$H$4625) -> 133.54038
A8: Auburn | B8: Akron | C8: =A8&B8 -> AuburnAkron | D8: Auburn | E8: 99 | F8: -30.256604 | G8: -10103.581 | H8: 141.54449 | I8: =18*(H8-AVERAGE($H$2:$H$4625))/_xlfn.STDEV.P($H$2:$H$4625)+AVERAGE($H$2:$H$4625) -> 177.73695
A9: Baylor | B9: Akron | C9: =A9&B9 -> BaylorAkron | D9: Baylor | E9: 91.4 | F9: -15.524528 | G9: -1067.7944 | H9: 140.07949 | I9: =18*(H9-AVERAGE($H$2:$H$4625))/_xlfn.STDEV.P($H$2:$H$4625)+AVERAGE($H$2:$H$4625) -> 157.10814
A10: Bryant | B10: Akron | C10: =A10&B10 -> BryantAkron | D10: Akron | E10: 32.6 | F10: 4.7622642 | G10: 206.75333 | H10: 139.62849 | I10: =18*(H10-AVERAGE($H$2:$H$4625))/_xlfn.STDEV.P($H$2:$H$4625)+AVERAGE($H$2:$H$4625) -> 150.75753
A11: BYU | B11: Akron | C11: =A11&B11 -> BYUAkron | D11: BYU | E11: 92.9 | F11: -16.818868 | G11: -1300.841 | H11: 139.88901 | I11: =18*(H11-AVERAGE($H$2:$H$4625))/_xlfn.STDEV.P($H$2:$H$4625)+AVERAGE($H$2:$H$4625) -> 154.42595
A12: Clemson | B12: Akron | C12: =A12&B12 -> ClemsonAkron | D12: Clemson | E12: 94.3 | F12: -18.445283 | G12: -1666.7703 | H12: 140.11092 | I12: =18*(H12-AVERAGE($H$2:$H$4625))/_xlfn.STDEV.P($H$2:$H$4625)+AVERAGE($H$2:$H$4625) -> 157.55071
A13: Colorado St. | B13: Akron | C13: =A13&B13 -> Colorado St.Akron | D13: Colorado St. | E13: 73.3 | F13: -6.6037736 | G13: -273.86354 | H13: 139.41831 | I13: =18*(H13-AVERAGE($H$2:$H$4625))/_xlfn.STDEV.P($H$2:$H$4625)+AVERAGE($H$2:$H$4625) -> 147.79803
... A4625: Yale | B4625: Yale | C4625: =A4625&B4625 -> YaleYale | D4625: Yale | E4625: 41.2 | F4625: 2.3283019 | G4625: 142.64274 | H4625: 138.77772 | I4625: =18*(H4625-AVERAGE($H$2:$H$4625))/_xlfn.STDEV.P($H$2:$H$4625)+AVERAGE($H$2:$H$4625) -> 138.77772
